,addr,type,total_volumn,ETH,froms,block_time,BSC,Gnosis,Optimism,Arbitrum
95,0x29512e779221bec5745b3f8fb15a7d5347ce815d,ether,3.3e-06,22,2,"['2022-07-02T06:28:29Z', '2022-07-02T07:01:58Z', '2022-07-02T07:01:58Z', '2022-07-02T07:53:15Z', '2022-07-02T07:53:15Z', '2022-07-02T07:59:34Z', '2022-07-02T07:59:34Z', '2022-07-02T09:03:14Z', '2022-07-02T09:03:14Z', '2022-07-02T09:08:59Z', '2022-07-02T09:08:59Z', '2022-07-03T04:13:33Z', '2022-07-03T06:09:57Z', '2022-07-03T06:41:23Z', '2022-07-03T07:35:57Z', '2022-07-03T07:35:57Z', '2022-07-03T08:41:33Z', '2022-07-03T08:41:33Z', '2022-07-03T10:55:19Z', '2022-07-03T10:55:19Z', '2022-07-04T01:08:28Z', '2022-07-04T01:08:48Z']",0,0,0,0
16,0x05a40740b2ef40dabee833322b0e3e0f299af989,ether,3.3e-06,22,2,"['2022-07-02T06:28:29Z', '2022-07-02T07:01:58Z', '2022-07-02T07:01:58Z', '2022-07-02T07:53:15Z', '2022-07-02T07:53:15Z', '2022-07-02T07:59:34Z', '2022-07-02T08:00:33Z', '2022-07-02T09:03:14Z', '2022-07-02T09:03:14Z', '2022-07-02T09:08:59Z', '2022-07-02T09:08:59Z', '2022-07-03T04:13:33Z', '2022-07-03T06:09:57Z', '2022-07-03T06:40:51Z', '2022-07-03T07:35:57Z', '2022-07-03T07:35:57Z', '2022-07-03T08:41:33Z', '2022-07-03T08:41:33Z', '2022-07-03T10:55:19Z', '2022-07-03T10:55:19Z', '2022-07-04T01:06:47Z', '2022-07-04T01:08:28Z']",0,0,0,0
3,0x01f824d27bd96080f1c11e63d8268c8eeb147a5b,ether,3.3e-06,22,2,"['2022-07-02T06:28:29Z', '2022-07-02T07:01:58Z', '2022-07-02T07:01:58Z', '2022-07-02T07:53:15Z', '2022-07-02T07:53:15Z', '2022-07-02T07:59:34Z', '2022-07-02T08:00:33Z', '2022-07-02T09:03:14Z', '2022-07-02T09:03:14Z', '2022-07-02T09:08:59Z', '2022-07-02T09:08:59Z', '2022-07-03T04:13:33Z', '2022-07-03T06:09:57Z', '2022-07-03T06:40:51Z', '2022-07-03T07:35:57Z', '2022-07-03T07:35:57Z', '2022-07-03T08:41:33Z', '2022-07-03T08:41:33Z', '2022-07-03T10:55:19Z', '2022-07-03T10:55:19Z', '2022-07-04T01:08:28Z', '2022-07-04T01:08:48Z']",0,0,0,0
92,0x273143d5e4e4c03cf573c87228371a1c426486b4,ether,3.3e-06,22,2,"['2022-07-02T06:28:29Z', '2022-07-02T07:01:58Z', '2022-07-02T07:01:58Z', '2022-07-02T07:53:15Z', '2022-07-02T07:53:15Z', '2022-07-02T07:59:34Z', '2022-07-02T08:00:33Z', '2022-07-02T09:03:14Z', '2022-07-02T09:03:14Z', '2022-07-02T09:08:59Z', '2022-07-02T09:08:59Z', '2022-07-03T04:13:33Z', '2022-07-03T06:09:57Z', '2022-07-03T06:41:23Z', '2022-07-03T07:35:57Z', '2022-07-03T07:35:57Z', '2022-07-03T08:41:33Z', '2022-07-03T08:41:33Z', '2022-07-03T10:55:19Z', '2022-07-03T10:55:19Z', '2022-07-04T01:06:47Z', '2022-07-04T01:08:28Z']",0,0,0,0
160,0x4489036f00d55ec2d405bd31f2d025afd9548d7d,ether,3.3e-06,22,2,"['2022-07-02T06:28:29Z', '2022-07-02T07:01:58Z', '2022-07-02T07:01:58Z', '2022-07-02T07:53:15Z', '2022-07-02T07:53:15Z', '2022-07-02T07:59:34Z', '2022-07-02T08:00:33Z', '2022-07-02T09:03:14Z', '2022-07-02T09:03:14Z', '2022-07-02T09:08:59Z', '2022-07-02T09:08:59Z', '2022-07-03T04:13:33Z', '2022-07-03T06:09:57Z', '2022-07-03T06:41:23Z', '2022-07-03T07:35:57Z', '2022-07-03T07:35:57Z', '2022-07-03T08:41:33Z', '2022-07-03T08:41:33Z', '2022-07-03T10:55:19Z', '2022-07-03T10:55:19Z', '2022-07-04T01:06:47Z', '2022-07-04T01:08:48Z']",0,0,0,0
614,0xeeac499c044c876b49972a9b0ec805eb174c7035,ether,3.3e-06,22,2,"['2022-07-02T06:39:37Z', '2022-07-02T07:01:58Z', '2022-07-02T07:01:58Z', '2022-07-02T07:53:15Z', '2022-07-02T07:53:21Z', '2022-07-02T07:59:34Z', '2022-07-02T08:00:33Z', '2022-07-02T09:03:14Z', '2022-07-02T09:03:14Z', '2022-07-02T09:08:59Z', '2022-07-02T09:08:59Z', '2022-07-03T06:09:57Z', '2022-07-03T06:09:57Z', '2022-07-03T06:40:51Z', '2022-07-03T07:35:57Z', '2022-07-03T07:35:57Z', '2022-07-03T08:41:33Z', '2022-07-03T08:41:33Z', '2022-07-03T10:55:19Z', '2022-07-03T10:55:19Z', '2022-07-04T01:06:47Z', '2022-07-04T01:08:48Z']",0,0,0,0
458,0xb213018982c7ebd9d87f33bafd43914cf1126256,ether,3.3e-06,22,2,"['2022-07-02T06:39:48Z', '2022-07-02T07:01:58Z', '2022-07-02T07:01:58Z', '2022-07-02T07:53:15Z', '2022-07-02T07:53:15Z', '2022-07-02T07:59:34Z', '2022-07-02T07:59:34Z', '2022-07-02T09:03:14Z', '2022-07-02T09:03:14Z', '2022-07-02T09:08:59Z', '2022-07-02T09:08:59Z', '2022-07-03T06:09:57Z', '2022-07-03T06:09:57Z', '2022-07-03T06:41:23Z', '2022-07-03T07:35:57Z', '2022-07-03T07:35:57Z', '2022-07-03T08:41:33Z', '2022-07-03T08:41:33Z', '2022-07-03T10:55:19Z', '2022-07-03T10:55:19Z', '2022-07-04T01:06:47Z', '2022-07-04T01:06:47Z']",0,0,0,0
22,0x07a191ab978362093b17eb066383fd44b9d79b19,ether,3.3e-06,22,2,"['2022-07-02T06:39:48Z', '2022-07-02T07:01:58Z', '2022-07-02T07:01:58Z', '2022-07-02T07:53:15Z', '2022-07-02T07:53:15Z', '2022-07-02T07:59:34Z', '2022-07-02T08:00:33Z', '2022-07-02T09:03:14Z', '2022-07-02T09:03:14Z', '2022-07-02T09:08:59Z', '2022-07-02T09:08:59Z', '2022-07-03T03:28:36Z', '2022-07-03T06:09:57Z', '2022-07-03T06:40:51Z', '2022-07-03T07:35:57Z', '2022-07-03T07:35:57Z', '2022-07-03T08:41:33Z', '2022-07-03T08:41:33Z', '2022-07-03T10:55:19Z', '2022-07-03T10:55:19Z', '2022-07-04T01:06:47Z', '2022-07-04T01:08:28Z']",0,0,0,0
244,0x6657836f00147af698c23f3508f6c2cdc7a74bd5,ether,3.3e-06,22,2,"['2022-07-02T06:39:49Z', '2022-07-02T07:01:58Z', '2022-07-02T07:01:58Z', '2022-07-02T07:53:15Z', '2022-07-02T07:53:15Z', '2022-07-02T08:00:33Z', '2022-07-02T08:00:33Z', '2022-07-02T09:03:14Z', '2022-07-02T09:03:14Z', '2022-07-02T09:08:59Z', '2022-07-02T09:08:59Z', '2022-07-03T06:09:57Z', '2022-07-03T06:09:57Z', '2022-07-03T06:41:23Z', '2022-07-03T07:35:57Z', '2022-07-03T07:35:57Z', '2022-07-03T08:41:33Z', '2022-07-03T08:41:33Z', '2022-07-03T10:55:19Z', '2022-07-03T10:55:19Z', '2022-07-04T01:06:47Z', '2022-07-04T01:06:47Z']",0,0,0,0
367,0x9261ec70dd86db46bb7ecd24391400a1b3c1aa7a,ether,3.3e-06,22,2,"['2022-07-02T06:39:49Z', '2022-07-02T07:01:58Z', '2022-07-02T07:01:58Z', '2022-07-02T07:53:15Z', '2022-07-02T07:53:15Z', '2022-07-02T08:00:33Z', '2022-07-02T08:00:33Z', '2022-07-02T09:03:14Z', '2022-07-02T09:03:14Z', '2022-07-02T09:08:59Z', '2022-07-02T09:08:59Z', '2022-07-03T06:09:57Z', '2022-07-03T06:09:57Z', '2022-07-03T06:41:23Z', '2022-07-03T07:35:57Z', '2022-07-03T07:35:57Z', '2022-07-03T08:41:33Z', '2022-07-03T08:41:33Z', '2022-07-03T10:55:19Z', '2022-07-03T10:55:19Z', '2022-07-04T01:06:47Z', '2022-07-04T01:06:47Z']",0,0,0,0
245,0x66c167470c67b76543113d3150f9f886d27728fb,ether,3.3e-06,22,2,"['2022-07-02T06:39:49Z', '2022-07-02T07:01:58Z', '2022-07-02T07:01:58Z', '2022-07-02T07:53:15Z', '2022-07-02T07:53:15Z', '2022-07-02T08:00:33Z', '2022-07-02T08:00:33Z', '2022-07-02T09:03:14Z', '2022-07-02T09:03:14Z', '2022-07-02T09:08:59Z', '2022-07-02T09:08:59Z', '2022-07-03T06:09:57Z', '2022-07-03T06:09:57Z', '2022-07-03T06:41:23Z', '2022-07-03T07:35:57Z', '2022-07-03T07:35:57Z', '2022-07-03T08:41:33Z', '2022-07-03T08:41:33Z', '2022-07-03T10:55:19Z', '2022-07-03T10:55:19Z', '2022-07-04T01:06:47Z', '2022-07-04T01:06:47Z']",0,0,0,0
563,0xd65c021dcf90ce80de5bbb8005268d8a6181a567,ether,3.3e-06,22,2,"['2022-07-02T06:39:49Z', '2022-07-02T07:01:58Z', '2022-07-02T07:01:58Z', '2022-07-02T07:53:15Z', '2022-07-02T07:53:15Z', '2022-07-02T08:00:33Z', '2022-07-02T08:00:33Z', '2022-07-02T09:03:14Z', '2022-07-02T09:03:14Z', '2022-07-02T09:08:59Z', '2022-07-02T09:08:59Z', '2022-07-03T06:09:57Z', '2022-07-03T06:09:57Z', '2022-07-03T06:41:23Z', '2022-07-03T07:35:57Z', '2022-07-03T07:35:57Z', '2022-07-03T08:41:33Z', '2022-07-03T08:41:33Z', '2022-07-03T10:55:19Z', '2022-07-03T10:55:19Z', '2022-07-04T01:06:47Z', '2022-07-04T01:08:48Z']",0,0,0,0
427,0xa6e8d1afb89f562fba79c600d60f6f6c5c43ace5,ether,3.3e-06,22,2,"['2022-07-02T06:39:49Z', '2022-07-02T07:01:58Z', '2022-07-02T07:01:58Z', '2022-07-02T07:53:15Z', '2022-07-02T07:53:15Z', '2022-07-02T08:00:33Z', '2022-07-02T08:00:33Z', '2022-07-02T09:03:14Z', '2022-07-02T09:03:14Z', '2022-07-02T09:08:59Z', '2022-07-02T09:08:59Z', '2022-07-03T06:09:57Z', '2022-07-03T06:09:57Z', '2022-07-03T06:41:23Z', '2022-07-03T07:35:57Z', '2022-07-03T07:35:57Z', '2022-07-03T08:41:33Z', '2022-07-03T08:41:33Z', '2022-07-03T10:55:19Z', '2022-07-03T10:55:19Z', '2022-07-04T01:06:47Z', '2022-07-04T01:08:48Z']",0,0,0,0
382,0x979c6279a133d056bccaa1c0a19c5b8dd3d589e0,ether,3.3e-06,22,2,"['2022-07-02T06:39:49Z', '2022-07-02T07:01:58Z', '2022-07-02T07:01:58Z', '2022-07-02T07:53:15Z', '2022-07-02T07:53:21Z', '2022-07-02T08:00:33Z', '2022-07-02T08:00:33Z', '2022-07-02T09:03:14Z', '2022-07-02T09:03:14Z', '2022-07-02T09:08:59Z', '2022-07-02T09:08:59Z', '2022-07-03T06:09:57Z', '2022-07-03T06:09:57Z', '2022-07-03T06:41:23Z', '2022-07-03T07:35:57Z', '2022-07-03T07:35:57Z', '2022-07-03T08:41:33Z', '2022-07-03T08:41:33Z', '2022-07-03T10:55:19Z', '2022-07-03T10:55:19Z', '2022-07-04T01:06:47Z', '2022-07-04T01:06:47Z']",0,0,0,0
398,0x9c3455379da5cff911a560463cf3d5de01da2793,ether,3.3e-06,22,2,"['2022-07-02T06:39:58Z', '2022-07-02T07:01:58Z', '2022-07-02T07:01:58Z', '2022-07-02T07:53:21Z', '2022-07-02T07:53:21Z', '2022-07-02T08:00:33Z', '2022-07-02T08:00:33Z', '2022-07-02T09:03:14Z', '2022-07-02T09:03:14Z', '2022-07-02T09:08:59Z', '2022-07-02T09:08:59Z', '2022-07-03T06:09:57Z', '2022-07-03T06:09:57Z', '2022-07-03T06:40:51Z', '2022-07-03T07:35:57Z', '2022-07-03T07:35:57Z', '2022-07-03T08:41:33Z', '2022-07-03T08:41:33Z', '2022-07-03T10:55:19Z', '2022-07-03T10:55:19Z', '2022-07-04T01:06:47Z', '2022-07-04T01:06:47Z']",0,0,0,0
258,0x68f84ef96488dbd221a00e3b012e3a7445d0d861,ether,3.3e-06,22,2,"['2022-07-02T06:39:58Z', '2022-07-02T07:01:58Z', '2022-07-02T07:01:58Z', '2022-07-02T07:53:21Z', '2022-07-02T07:53:21Z', '2022-07-02T08:00:33Z', '2022-07-02T08:00:33Z', '2022-07-02T09:03:14Z', '2022-07-02T09:03:14Z', '2022-07-02T09:08:59Z', '2022-07-02T09:08:59Z', '2022-07-03T06:09:57Z', '2022-07-03T06:09:57Z', '2022-07-03T06:41:23Z', '2022-07-03T07:35:57Z', '2022-07-03T07:35:57Z', '2022-07-03T08:41:33Z', '2022-07-03T08:41:33Z', '2022-07-03T10:55:19Z', '2022-07-03T10:55:19Z', '2022-07-04T01:06:47Z', '2022-07-04T01:08:28Z']",0,0,0,0
178,0x4b54f271e1065e7d60c720dacd50e5926def553c,ether,3.3e-06,22,2,"['2022-07-02T06:39:58Z', '2022-07-02T07:01:58Z', '2022-07-02T07:01:58Z', '2022-07-02T07:53:21Z', '2022-07-02T07:53:21Z', '2022-07-02T08:00:33Z', '2022-07-02T08:00:33Z', '2022-07-02T09:03:14Z', '2022-07-02T09:03:14Z', '2022-07-02T09:08:59Z', '2022-07-02T09:08:59Z', '2022-07-03T06:09:57Z', '2022-07-03T06:09:57Z', '2022-07-03T06:41:23Z', '2022-07-03T07:35:57Z', '2022-07-03T07:35:57Z', '2022-07-03T08:41:33Z', '2022-07-03T08:41:33Z', '2022-07-03T10:55:19Z', '2022-07-03T10:55:19Z', '2022-07-04T01:06:47Z', '2022-07-04T01:08:28Z']",0,0,0,0
181,0x4be05353e7d55db8f33bde1cdf904e7282449d9c,ether,3.3e-06,22,2,"['2022-07-02T06:39:58Z', '2022-07-02T07:01:58Z', '2022-07-02T07:01:58Z', '2022-07-02T07:53:21Z', '2022-07-02T07:53:21Z', '2022-07-02T08:00:33Z', '2022-07-02T08:00:33Z', '2022-07-02T09:03:14Z', '2022-07-02T09:03:35Z', '2022-07-02T09:08:59Z', '2022-07-02T09:08:59Z', '2022-07-03T06:09:57Z', '2022-07-03T06:09:57Z', '2022-07-03T06:40:51Z', '2022-07-03T07:35:57Z', '2022-07-03T07:35:57Z', '2022-07-03T08:41:33Z', '2022-07-03T08:41:33Z', '2022-07-03T10:55:19Z', '2022-07-03T10:55:19Z', '2022-07-04T01:06:47Z', '2022-07-04T01:08:28Z']",0,0,0,0
243,0x6647e8e39b773d2b26fef8e77063148bf289ab53,ether,3.3e-06,22,2,"['2022-07-02T06:39:58Z', '2022-07-02T07:01:58Z', '2022-07-02T07:01:58Z', '2022-07-02T07:53:21Z', '2022-07-02T07:53:21Z', '2022-07-02T08:00:33Z', '2022-07-02T08:00:33Z', '2022-07-02T09:03:14Z', '2022-07-02T09:03:35Z', '2022-07-02T09:08:59Z', '2022-07-02T09:08:59Z', '2022-07-03T06:09:57Z', '2022-07-03T06:09:57Z', '2022-07-03T06:41:23Z', '2022-07-03T07:35:57Z', '2022-07-03T07:35:57Z', '2022-07-03T08:41:33Z', '2022-07-03T08:41:33Z', '2022-07-03T10:55:19Z', '2022-07-03T10:55:19Z', '2022-07-04T01:06:47Z', '2022-07-04T01:08:48Z']",0,0,0,0
121,0x3626992ec1e1626380af53d169d81dede9c60075,ether,3.3e-06,22,2,"['2022-07-02T06:39:58Z', '2022-07-02T07:01:58Z', '2022-07-02T07:02:01Z', '2022-07-02T07:53:21Z', '2022-07-02T07:53:21Z', '2022-07-02T08:00:33Z', '2022-07-02T08:00:33Z', '2022-07-02T09:03:14Z', '2022-07-02T09:03:14Z', '2022-07-02T09:08:59Z', '2022-07-02T09:08:59Z', '2022-07-03T06:09:57Z', '2022-07-03T06:09:57Z', '2022-07-03T06:40:51Z', '2022-07-03T07:35:57Z', '2022-07-03T07:35:57Z', '2022-07-03T08:41:33Z', '2022-07-03T08:41:33Z', '2022-07-03T10:55:19Z', '2022-07-03T10:55:19Z', '2022-07-04T01:06:47Z', '2022-07-04T01:06:47Z']",0,0,0,0
613,0xee448b9a6ffc98ae98d98e8eb17010bd3e88ac97,ether,3.3e-06,22,2,"['2022-07-02T06:40:16Z', '2022-07-02T07:01:58Z', '2022-07-02T07:01:58Z', '2022-07-02T07:53:21Z', '2022-07-02T07:53:21Z', '2022-07-02T08:00:33Z', '2022-07-02T08:00:33Z', '2022-07-02T09:03:35Z', '2022-07-02T09:03:35Z', '2022-07-02T09:08:59Z', '2022-07-02T09:08:59Z', '2022-07-03T06:09:57Z', '2022-07-03T06:09:57Z', '2022-07-03T06:40:51Z', '2022-07-03T07:35:57Z', '2022-07-03T07:35:57Z', '2022-07-03T08:41:33Z', '2022-07-03T08:41:33Z', '2022-07-03T10:55:19Z', '2022-07-03T11:14:42Z', '2022-07-04T01:06:47Z', '2022-07-04T01:08:48Z']",0,0,0,0
602,0xe9cd670a7d66d913c90b48d4bf9014dd4a13bcd3,ether,3.3e-06,22,2,"['2022-07-02T06:40:16Z', '2022-07-02T07:01:58Z', '2022-07-02T07:01:58Z', '2022-07-02T07:53:21Z', '2022-07-02T07:53:21Z', '2022-07-02T08:00:33Z', '2022-07-02T08:13:27Z', '2022-07-02T09:03:14Z', '2022-07-02T09:03:35Z', '2022-07-02T09:08:59Z', '2022-07-02T09:08:59Z', '2022-07-03T06:09:57Z', '2022-07-03T06:09:57Z', '2022-07-03T06:41:23Z', '2022-07-03T07:35:57Z', '2022-07-03T07:35:57Z', '2022-07-03T08:41:33Z', '2022-07-03T08:41:33Z', '2022-07-03T10:55:19Z', '2022-07-03T10:55:19Z', '2022-07-04T01:06:47Z', '2022-07-04T01:08:28Z']",0,0,0,0
37,0x0e05c5386509a4159f6b718e625ea5dd3f1bb30e,ether,3.3e-06,22,2,"['2022-07-02T06:40:16Z', '2022-07-02T07:01:58Z', '2022-07-02T07:01:58Z', '2022-07-02T07:53:21Z', '2022-07-02T07:53:21Z', '2022-07-02T08:00:33Z', '2022-07-02T08:53:24Z', '2022-07-02T09:03:14Z', '2022-07-02T09:03:35Z', '2022-07-02T09:08:59Z', '2022-07-02T09:08:59Z', '2022-07-03T06:09:57Z', '2022-07-03T06:09:57Z', '2022-07-03T06:41:23Z', '2022-07-03T07:35:57Z', '2022-07-03T07:35:57Z', '2022-07-03T08:41:33Z', '2022-07-03T08:41:33Z', '2022-07-03T10:55:19Z', '2022-07-03T11:14:42Z', '2022-07-04T01:06:47Z', '2022-07-04T01:08:28Z']",0,0,0,0
264,0x6b5afbc40908ce23d92cd892807e18536fe6c868,ether,3.3e-06,22,2,"['2022-07-02T06:40:16Z', '2022-07-02T07:01:58Z', '2022-07-02T07:02:01Z', '2022-07-02T07:53:21Z', '2022-07-02T07:53:48Z', '2022-07-02T08:00:33Z', '2022-07-02T08:13:27Z', '2022-07-02T09:03:14Z', '2022-07-02T09:03:35Z', '2022-07-02T09:08:59Z', '2022-07-02T09:09:05Z', '2022-07-03T06:09:57Z', '2022-07-03T06:09:57Z', '2022-07-03T06:41:23Z', '2022-07-03T07:35:57Z', '2022-07-03T07:35:57Z', '2022-07-03T08:41:33Z', '2022-07-03T08:41:33Z', '2022-07-03T10:55:19Z', '2022-07-03T10:55:19Z', '2022-07-04T01:08:28Z', '2022-07-04T01:08:28Z']",0,0,0,0
656,0xfb30abc1d8a0a80cca3cda18002c7fc9f0113035,ether,3.3e-06,22,2,"['2022-07-02T06:40:16Z', '2022-07-02T07:01:58Z', '2022-07-02T07:02:01Z', '2022-07-02T07:53:21Z', '2022-07-02T07:53:48Z', '2022-07-02T08:00:33Z', '2022-07-02T08:13:27Z', '2022-07-02T09:03:14Z', '2022-07-02T09:03:42Z', '2022-07-02T09:08:59Z', '2022-07-02T09:09:05Z', '2022-07-03T06:09:57Z', '2022-07-03T06:09:57Z', '2022-07-03T06:41:23Z', '2022-07-03T07:35:57Z', '2022-07-03T07:35:57Z', '2022-07-03T08:41:33Z', '2022-07-03T08:41:33Z', '2022-07-03T10:55:19Z', '2022-07-03T10:55:19Z', '2022-07-04T01:06:47Z', '2022-07-04T01:06:47Z']",0,0,0,0
543,0xcfeca8d2e02904e98f98af806cdf15048155a27e,ether,3.3e-06,22,2,"['2022-07-02T06:40:49Z', '2022-07-02T07:01:58Z', '2022-07-02T07:02:01Z', '2022-07-02T07:53:21Z', '2022-07-02T07:53:48Z', '2022-07-02T08:13:27Z', '2022-07-02T08:13:27Z', '2022-07-02T09:03:35Z', '2022-07-02T09:03:42Z', '2022-07-02T09:09:05Z', '2022-07-02T09:09:05Z', '2022-07-03T06:09:57Z', '2022-07-03T06:09:57Z', '2022-07-03T06:40:51Z', '2022-07-03T07:35:57Z', '2022-07-03T07:35:57Z', '2022-07-03T08:41:33Z', '2022-07-03T08:41:33Z', '2022-07-03T10:55:19Z', '2022-07-03T10:55:19Z', '2022-07-04T01:06:47Z', '2022-07-04T01:08:28Z']",0,0,0,0
401,0x9c60ed8c07da596224de767669c2b595d215f30c,ether,3.3e-06,22,2,"['2022-07-02T06:40:49Z', '2022-07-02T07:01:58Z', '2022-07-02T07:02:01Z', '2022-07-02T07:53:48Z', '2022-07-02T07:53:48Z', '2022-07-02T08:13:27Z', '2022-07-02T08:53:24Z', '2022-07-02T09:03:35Z', '2022-07-02T09:03:42Z', '2022-07-02T09:08:59Z', '2022-07-02T09:09:05Z', '2022-07-03T06:09:57Z', '2022-07-03T06:09:57Z', '2022-07-03T06:41:23Z', '2022-07-03T07:35:57Z', '2022-07-03T07:35:57Z', '2022-07-03T08:41:33Z', '2022-07-03T08:41:33Z', '2022-07-03T10:55:19Z', '2022-07-03T10:55:19Z', '2022-07-04T01:06:47Z', '2022-07-04T01:08:28Z']",0,0,0,0
87,0x2458c43a84c20a5424a71771fe1bc951e0311c8e,ether,3.3e-06,22,2,"['2022-07-02T06:40:49Z', '2022-07-02T07:02:01Z', '2022-07-02T07:19:22Z', '2022-07-02T07:53:48Z', '2022-07-02T07:53:48Z', '2022-07-02T08:13:27Z', '2022-07-02T08:13:27Z', '2022-07-02T09:03:35Z', '2022-07-02T09:03:35Z', '2022-07-02T09:09:05Z', '2022-07-02T09:09:05Z', '2022-07-03T06:09:57Z', '2022-07-03T06:09:57Z', '2022-07-03T06:41:23Z', '2022-07-03T07:35:57Z', '2022-07-03T07:35:57Z', '2022-07-03T08:41:33Z', '2022-07-03T08:41:33Z', '2022-07-03T10:55:19Z', '2022-07-03T10:55:19Z', '2022-07-04T01:06:47Z', '2022-07-04T01:08:28Z']",0,0,0,0
538,0xce8e4e5b040015e8ead735c0e3f1017463ab502c,ether,3.3e-06,22,2,"['2022-07-02T06:42:48Z', '2022-07-02T07:01:58Z', '2022-07-02T07:02:01Z', '2022-07-02T07:53:21Z', '2022-07-02T07:53:48Z', '2022-07-02T08:00:33Z', '2022-07-02T08:13:27Z', '2022-07-02T09:03:35Z', '2022-07-02T09:03:42Z', '2022-07-02T09:08:59Z', '2022-07-02T09:09:05Z', '2022-07-03T06:09:57Z', '2022-07-03T06:09:57Z', '2022-07-03T06:40:51Z', '2022-07-03T07:35:57Z', '2022-07-03T07:35:57Z', '2022-07-03T08:41:33Z', '2022-07-03T08:41:33Z', '2022-07-03T10:55:19Z', '2022-07-03T10:55:19Z', '2022-07-04T01:06:47Z', '2022-07-04T01:06:47Z']",0,0,0,0
441,0xad919bc2da9b756111bb987efcc6a703ebaab123,ether,3.3e-06,22,2,"['2022-07-02T06:42:48Z', '2022-07-02T07:01:58Z', '2022-07-02T07:19:22Z', '2022-07-02T07:53:48Z', '2022-07-02T07:53:48Z', '2022-07-02T08:13:27Z', '2022-07-02T08:13:27Z', '2022-07-02T09:03:35Z', '2022-07-02T09:03:42Z', '2022-07-02T09:09:05Z', '2022-07-02T09:09:05Z', '2022-07-03T06:09:57Z', '2022-07-03T06:09:57Z', '2022-07-03T06:41:23Z', '2022-07-03T07:35:57Z', '2022-07-03T07:35:57Z', '2022-07-03T08:41:33Z', '2022-07-03T08:41:33Z', '2022-07-03T10:55:19Z', '2022-07-03T10:55:19Z', '2022-07-04T01:06:47Z', '2022-07-04T01:08:28Z']",0,0,0,0
253,0x67cd9c939c21303646d7b2ef78419994059f0f7a,ether,3.3e-06,22,2,"['2022-07-02T06:42:48Z', '2022-07-02T07:02:01Z', '2022-07-02T07:02:01Z', '2022-07-02T07:53:48Z', '2022-07-02T07:53:48Z', '2022-07-02T08:13:27Z', '2022-07-02T08:13:27Z', '2022-07-02T09:03:35Z', '2022-07-02T09:03:42Z', '2022-07-02T09:09:05Z', '2022-07-02T09:09:05Z', '2022-07-03T06:09:57Z', '2022-07-03T06:09:57Z', '2022-07-03T06:40:51Z', '2022-07-03T07:35:57Z', '2022-07-03T07:35:57Z', '2022-07-03T08:41:33Z', '2022-07-03T08:41:33Z', '2022-07-03T10:55:19Z', '2022-07-03T10:55:19Z', '2022-07-04T01:06:47Z', '2022-07-04T01:08:48Z']",0,0,0,0
123,0x36c900fe88358d4c0aa6101382381510cd1c6cf5,ether,3.3e-06,22,2,"['2022-07-02T06:42:48Z', '2022-07-02T07:02:01Z', '2022-07-02T07:02:01Z', '2022-07-02T07:53:48Z', '2022-07-02T07:53:48Z', '2022-07-02T08:13:27Z', '2022-07-02T08:13:27Z', '2022-07-02T09:03:42Z', '2022-07-02T09:03:42Z', '2022-07-02T09:09:05Z', '2022-07-02T09:09:05Z', '2022-07-03T06:09:57Z', '2022-07-03T06:09:57Z', '2022-07-03T06:41:23Z', '2022-07-03T07:35:57Z', '2022-07-03T07:35:57Z', '2022-07-03T08:41:33Z', '2022-07-03T08:41:33Z', '2022-07-03T10:55:19Z', '2022-07-03T10:55:19Z', '2022-07-04T01:06:47Z', '2022-07-04T01:06:47Z']",0,0,0,0
143,0x3e9ad658334e4d750261b68f8396a44d21c7bf8d,ether,3.3e-06,22,2,"['2022-07-02T06:42:48Z', '2022-07-02T07:02:01Z', '2022-07-02T07:02:01Z', '2022-07-02T07:53:48Z', '2022-07-02T07:53:48Z', '2022-07-02T08:13:27Z', '2022-07-02T08:53:24Z', '2022-07-02T09:03:35Z', '2022-07-02T09:03:42Z', '2022-07-02T09:09:05Z', '2022-07-02T09:09:05Z', '2022-07-03T06:09:57Z', '2022-07-03T06:09:57Z', '2022-07-03T06:40:51Z', '2022-07-03T07:35:57Z', '2022-07-03T07:35:57Z', '2022-07-03T08:41:33Z', '2022-07-03T08:41:33Z', '2022-07-03T10:55:19Z', '2022-07-03T10:55:19Z', '2022-07-04T01:08:28Z', '2022-07-04T01:08:28Z']",0,0,0,0
213,0x59bc31069d4f6a5fde7c1d9d4359962655303b21,ether,3.3e-06,22,2,"['2022-07-02T06:42:48Z', '2022-07-02T07:02:01Z', '2022-07-02T07:19:22Z', '2022-07-02T07:53:48Z', '2022-07-02T07:53:48Z', '2022-07-02T08:13:27Z', '2022-07-02T08:13:27Z', '2022-07-02T09:03:35Z', '2022-07-02T09:03:42Z', '2022-07-02T09:09:05Z', '2022-07-02T09:09:05Z', '2022-07-03T06:09:57Z', '2022-07-03T06:09:57Z', '2022-07-03T06:40:51Z', '2022-07-03T07:35:57Z', '2022-07-03T07:35:57Z', '2022-07-03T08:41:33Z', '2022-07-03T08:41:33Z', '2022-07-03T10:55:19Z', '2022-07-03T10:55:19Z', '2022-07-04T01:06:47Z', '2022-07-04T01:06:47Z']",0,0,0,0
273,0x70daf9922d1b135ebf50cb471fc15c3e1eb8da7b,ether,3.3e-06,22,2,"['2022-07-02T06:42:48Z', '2022-07-02T07:02:01Z', '2022-07-02T07:19:22Z', '2022-07-02T07:53:48Z', '2022-07-02T07:53:48Z', '2022-07-02T08:13:27Z', '2022-07-02T08:13:27Z', '2022-07-02T09:03:35Z', '2022-07-02T09:03:42Z', '2022-07-02T09:09:05Z', '2022-07-02T09:09:05Z', '2022-07-03T06:09:57Z', '2022-07-03T06:09:57Z', '2022-07-03T06:41:23Z', '2022-07-03T07:35:57Z', '2022-07-03T07:35:57Z', '2022-07-03T08:41:33Z', '2022-07-03T08:41:33Z', '2022-07-03T10:55:19Z', '2022-07-03T10:55:19Z', '2022-07-04T01:06:47Z', '2022-07-04T01:06:47Z']",0,0,0,0
442,0xadb46713477ead1d803ceff61119c64ef7124968,ether,3.3e-06,22,2,"['2022-07-02T06:42:48Z', '2022-07-02T07:02:01Z', '2022-07-02T07:19:22Z', '2022-07-02T07:53:48Z', '2022-07-02T07:53:48Z', '2022-07-02T08:13:27Z', '2022-07-02T08:53:24Z', '2022-07-02T09:03:35Z', '2022-07-02T09:03:42Z', '2022-07-02T09:09:05Z', '2022-07-02T09:09:05Z', '2022-07-03T06:09:57Z', '2022-07-03T06:09:57Z', '2022-07-03T06:40:51Z', '2022-07-03T07:35:57Z', '2022-07-03T07:35:57Z', '2022-07-03T08:41:33Z', '2022-07-03T08:41:33Z', '2022-07-03T10:55:19Z', '2022-07-03T10:55:19Z', '2022-07-04T01:06:47Z', '2022-07-04T01:06:47Z']",0,0,0,0
339,0x86b9f3d79b728be8d089ef0db233019e8a7e9806,ether,3.3e-06,22,2,"['2022-07-02T06:42:48Z', '2022-07-02T07:02:01Z', '2022-07-02T07:19:22Z', '2022-07-02T07:53:48Z', '2022-07-02T07:53:48Z', '2022-07-02T08:13:27Z', '2022-07-02T08:53:24Z', '2022-07-02T09:03:35Z', '2022-07-02T09:03:42Z', '2022-07-02T09:09:05Z', '2022-07-02T09:09:18Z', '2022-07-03T06:09:57Z', '2022-07-03T06:09:57Z', '2022-07-03T06:40:51Z', '2022-07-03T07:35:57Z', '2022-07-03T07:35:57Z', '2022-07-03T08:41:33Z', '2022-07-03T08:41:33Z', '2022-07-03T10:55:19Z', '2022-07-03T10:55:19Z', '2022-07-04T01:06:47Z', '2022-07-04T01:06:47Z']",0,0,0,0
288,0x7845befd4442c25b8d8cbf0dffe96d0e55f5a141,ether,3.3e-06,22,2,"['2022-07-02T06:42:48Z', '2022-07-02T07:02:01Z', '2022-07-02T07:19:22Z', '2022-07-02T07:53:48Z', '2022-07-02T07:53:48Z', '2022-07-02T08:13:27Z', '2022-07-02T08:53:24Z', '2022-07-02T09:03:42Z', '2022-07-02T09:03:42Z', '2022-07-02T09:09:05Z', '2022-07-02T09:09:18Z', '2022-07-03T06:09:57Z', '2022-07-03T06:09:57Z', '2022-07-03T06:41:23Z', '2022-07-03T06:41:23Z', '2022-07-03T07:35:57Z', '2022-07-03T07:58:24Z', '2022-07-03T08:41:33Z', '2022-07-03T10:55:19Z', '2022-07-03T10:55:19Z', '2022-07-04T01:06:47Z', '2022-07-04T01:08:28Z']",0,0,0,0
265,0x6bdf60cf57f4a9ff2930b8de77591464435042cb,ether,3.3e-06,22,2,"['2022-07-02T06:43:38Z', '2022-07-02T07:02:01Z', '2022-07-02T07:19:22Z', '2022-07-02T07:53:48Z', '2022-07-02T07:53:48Z', '2022-07-02T08:13:27Z', '2022-07-02T08:13:27Z', '2022-07-02T09:03:42Z', '2022-07-02T09:03:42Z', '2022-07-02T09:09:05Z', '2022-07-02T09:09:05Z', '2022-07-03T06:09:57Z', '2022-07-03T06:09:57Z', '2022-07-03T06:41:23Z', '2022-07-03T06:41:23Z', '2022-07-03T07:35:57Z', '2022-07-03T07:58:24Z', '2022-07-03T08:41:33Z', '2022-07-03T10:55:19Z', '2022-07-03T10:55:19Z', '2022-07-04T01:06:47Z', '2022-07-04T01:08:28Z']",0,0,0,0
402,0x9cad85c179f68373118eb71637af88c87887afae,ether,3.3e-06,22,2,"['2022-07-02T06:43:38Z', '2022-07-02T07:02:01Z', '2022-07-02T07:19:22Z', '2022-07-02T07:53:48Z', '2022-07-02T07:53:48Z', '2022-07-02T08:13:27Z', '2022-07-02T08:13:27Z', '2022-07-02T09:03:42Z', '2022-07-02T09:03:42Z', '2022-07-02T09:09:05Z', '2022-07-02T09:09:05Z', '2022-07-03T06:09:57Z', '2022-07-03T06:09:57Z', '2022-07-03T06:41:23Z', '2022-07-03T07:35:57Z', '2022-07-03T07:35:57Z', '2022-07-03T08:41:33Z', '2022-07-03T08:41:33Z', '2022-07-03T10:55:19Z', '2022-07-03T10:55:19Z', '2022-07-04T01:06:47Z', '2022-07-04T01:06:47Z']",0,0,0,0
241,0x6506c690db5f4a7b9030afd2eecf736d59b61e70,ether,3.3e-06,22,2,"['2022-07-02T06:44:10Z', '2022-07-02T07:02:01Z', '2022-07-02T07:19:22Z', '2022-07-02T07:53:48Z', '2022-07-02T07:53:48Z', '2022-07-02T08:13:27Z', '2022-07-02T08:13:27Z', '2022-07-02T09:03:42Z', '2022-07-02T09:03:42Z', '2022-07-02T09:09:05Z', '2022-07-02T09:09:05Z', '2022-07-03T06:09:57Z', '2022-07-03T06:09:57Z', '2022-07-03T06:41:23Z', '2022-07-03T07:35:57Z', '2022-07-03T07:36:00Z', '2022-07-03T08:41:33Z', '2022-07-03T08:41:33Z', '2022-07-03T10:55:19Z', '2022-07-03T10:55:19Z', '2022-07-04T01:06:47Z', '2022-07-04T01:06:47Z']",0,0,0,0
590,0xe2c4dbe782c4da5e6dec0c418ceac6d175bc1639,ether,3.3e-06,22,2,"['2022-07-02T06:44:10Z', '2022-07-02T07:02:01Z', '2022-07-02T07:19:22Z', '2022-07-02T07:53:48Z', '2022-07-02T07:53:48Z', '2022-07-02T08:13:27Z', '2022-07-02T08:13:27Z', '2022-07-02T09:03:42Z', '2022-07-02T09:03:42Z', '2022-07-02T09:09:05Z', '2022-07-02T09:09:18Z', '2022-07-03T06:09:57Z', '2022-07-03T06:09:57Z', '2022-07-03T06:41:23Z', '2022-07-03T07:35:57Z', '2022-07-03T07:36:00Z', '2022-07-03T08:41:33Z', '2022-07-03T08:41:33Z', '2022-07-03T10:55:19Z', '2022-07-03T10:55:19Z', '2022-07-04T01:06:47Z', '2022-07-04T01:08:28Z']",0,0,0,0
480,0xb9465e3940296e62c658d8caf7168e8509bf9a3a,ether,3.3e-06,22,2,"['2022-07-02T06:44:10Z', '2022-07-02T07:02:01Z', '2022-07-02T07:19:22Z', '2022-07-02T07:53:48Z', '2022-07-02T07:53:48Z', '2022-07-02T08:13:27Z', '2022-07-02T08:53:24Z', '2022-07-02T09:03:42Z', '2022-07-02T09:03:42Z', '2022-07-02T09:09:05Z', '2022-07-02T09:09:05Z', '2022-07-03T06:09:57Z', '2022-07-03T06:09:57Z', '2022-07-03T06:40:51Z', '2022-07-03T07:35:57Z', '2022-07-03T07:36:00Z', '2022-07-03T08:41:33Z', '2022-07-03T08:41:33Z', '2022-07-03T10:55:19Z', '2022-07-03T10:55:19Z', '2022-07-04T01:06:47Z', '2022-07-04T01:06:47Z']",0,0,0,0
422,0xa3eaa6df965c27def5f38cc28f559590bf124316,ether,3.3e-06,22,2,"['2022-07-02T06:44:10Z', '2022-07-02T07:19:22Z', '2022-07-02T07:19:22Z', '2022-07-02T07:53:48Z', '2022-07-02T07:53:48Z', '2022-07-02T08:13:27Z', '2022-07-02T08:13:27Z', '2022-07-02T09:03:42Z', '2022-07-02T09:03:42Z', '2022-07-02T09:09:05Z', '2022-07-02T09:09:05Z', '2022-07-03T06:09:57Z', '2022-07-03T06:09:57Z', '2022-07-03T06:41:23Z', '2022-07-03T07:35:57Z', '2022-07-03T07:36:00Z', '2022-07-03T08:41:33Z', '2022-07-03T08:41:33Z', '2022-07-03T10:55:19Z', '2022-07-03T10:55:19Z', '2022-07-04T01:06:47Z', '2022-07-04T01:06:47Z']",0,0,0,0
268,0x6e04b04f0017082bc4f6811f381a193224555611,ether,3.3e-06,22,2,"['2022-07-02T06:44:10Z', '2022-07-02T07:19:22Z', '2022-07-02T07:19:22Z', '2022-07-02T07:53:48Z', '2022-07-02T07:53:48Z', '2022-07-02T08:13:27Z', '2022-07-02T08:13:27Z', '2022-07-02T09:03:42Z', '2022-07-02T09:03:42Z', '2022-07-02T09:09:05Z', '2022-07-02T09:09:18Z', '2022-07-03T06:09:57Z', '2022-07-03T06:09:57Z', '2022-07-03T06:41:23Z', '2022-07-03T07:35:57Z', '2022-07-03T07:35:57Z', '2022-07-03T08:41:33Z', '2022-07-03T08:41:33Z', '2022-07-03T10:55:19Z', '2022-07-03T10:55:19Z', '2022-07-04T01:06:47Z', '2022-07-04T01:08:28Z']",0,0,0,0
647,0xf8149ed5f8fe4ce42b99ca19a73744306a7ee3ed,ether,3.3e-06,22,2,"['2022-07-02T06:44:10Z', '2022-07-02T07:19:22Z', '2022-07-02T07:19:22Z', '2022-07-02T07:53:48Z', '2022-07-02T07:53:48Z', '2022-07-02T08:13:27Z', '2022-07-02T08:53:24Z', '2022-07-02T09:03:42Z', '2022-07-02T09:03:42Z', '2022-07-02T09:09:05Z', '2022-07-02T09:09:05Z', '2022-07-03T06:09:57Z', '2022-07-03T06:09:57Z', '2022-07-03T06:40:51Z', '2022-07-03T06:41:23Z', '2022-07-03T07:36:00Z', '2022-07-03T07:58:24Z', '2022-07-03T08:41:33Z', '2022-07-03T10:55:19Z', '2022-07-03T10:55:19Z', '2022-07-04T01:06:47Z', '2022-07-04T01:08:28Z']",0,0,0,0
452,0xafc7c67d6c8ba865f0c2ca28c65176c6dcc71958,ether,3.3e-06,22,2,"['2022-07-02T06:44:56Z', '2022-07-02T07:19:22Z', '2022-07-02T07:19:22Z', '2022-07-02T07:53:48Z', '2022-07-02T07:53:48Z', '2022-07-02T08:13:27Z', '2022-07-02T08:13:27Z', '2022-07-02T09:03:42Z', '2022-07-02T09:03:42Z', '2022-07-02T09:09:05Z', '2022-07-02T09:09:18Z', '2022-07-03T06:09:57Z', '2022-07-03T06:09:57Z', '2022-07-03T06:40:51Z', '2022-07-03T06:40:51Z', '2022-07-03T07:36:00Z', '2022-07-03T07:58:24Z', '2022-07-03T08:41:33Z', '2022-07-03T10:55:19Z', '2022-07-03T10:55:19Z', '2022-07-04T01:06:47Z', '2022-07-04T01:06:47Z']",0,0,0,0
194,0x534dc7ecd22323967140f6367c80a41629bcfb24,ether,3.3e-06,22,2,"['2022-07-02T06:44:56Z', '2022-07-02T07:19:22Z', '2022-07-02T07:19:22Z', '2022-07-02T07:53:48Z', '2022-07-02T07:53:48Z', '2022-07-02T08:13:27Z', '2022-07-02T08:13:27Z', '2022-07-02T09:03:42Z', '2022-07-02T09:03:42Z', '2022-07-02T09:09:05Z', '2022-07-02T09:09:18Z', '2022-07-03T06:09:57Z', '2022-07-03T06:09:57Z', '2022-07-03T06:41:23Z', '2022-07-03T06:41:23Z', '2022-07-03T07:36:00Z', '2022-07-03T07:58:24Z', '2022-07-03T08:41:33Z', '2022-07-03T10:55:19Z', '2022-07-03T10:55:19Z', '2022-07-04T01:06:47Z', '2022-07-04T01:06:47Z']",0,0,0,0
91,0x2725940260e9ae0adc693f0d962d5f9f37bddd0c,ether,3.3e-06,22,2,"['2022-07-02T06:44:56Z', '2022-07-02T07:19:22Z', '2022-07-02T07:19:22Z', '2022-07-02T07:53:48Z', '2022-07-02T07:53:48Z', '2022-07-02T08:13:27Z', '2022-07-02T08:13:27Z', '2022-07-02T09:03:42Z', '2022-07-02T09:03:42Z', '2022-07-02T09:09:05Z', '2022-07-02T09:09:18Z', '2022-07-03T06:09:57Z', '2022-07-03T06:09:57Z', '2022-07-03T06:41:23Z', '2022-07-03T06:41:23Z', '2022-07-03T07:36:00Z', '2022-07-03T07:58:24Z', '2022-07-03T08:41:33Z', '2022-07-03T10:55:19Z', '2022-07-03T11:14:42Z', '2022-07-04T01:06:47Z', '2022-07-04T01:08:48Z']",0,0,0,0
79,0x20676ee5627d73c84cf7a798a489ba814aa11ce6,ether,3.3e-06,22,2,"['2022-07-02T06:44:56Z', '2022-07-02T07:19:22Z', '2022-07-02T07:19:22Z', '2022-07-02T07:53:48Z', '2022-07-02T07:53:48Z', '2022-07-02T08:13:27Z', '2022-07-02T08:13:27Z', '2022-07-02T09:03:42Z', '2022-07-02T09:03:42Z', '2022-07-02T09:09:18Z', '2022-07-02T09:09:18Z', '2022-07-03T06:09:57Z', '2022-07-03T06:09:57Z', '2022-07-03T06:40:51Z', '2022-07-03T07:35:57Z', '2022-07-03T07:36:00Z', '2022-07-03T08:41:33Z', '2022-07-03T08:41:33Z', '2022-07-03T10:55:19Z', '2022-07-03T10:55:19Z', '2022-07-04T01:06:47Z', '2022-07-04T01:08:28Z']",0,0,0,0
587,0xe1d3203e63781ccf386f476e9ea319c9605ffeb2,ether,3.3e-06,22,2,"['2022-07-02T06:44:56Z', '2022-07-02T07:19:22Z', '2022-07-02T07:19:22Z', '2022-07-02T07:53:48Z', '2022-07-02T07:53:48Z', '2022-07-02T08:13:27Z', '2022-07-02T08:13:27Z', '2022-07-02T09:03:42Z', '2022-07-02T09:03:42Z', '2022-07-02T09:09:18Z', '2022-07-02T09:09:18Z', '2022-07-03T06:09:57Z', '2022-07-03T06:09:57Z', '2022-07-03T06:40:51Z', '2022-07-03T07:35:57Z', '2022-07-03T07:36:00Z', '2022-07-03T08:41:33Z', '2022-07-03T08:41:33Z', '2022-07-03T10:55:19Z', '2022-07-03T10:55:19Z', '2022-07-04T01:06:47Z', '2022-07-04T01:08:28Z']",0,0,0,0
521,0xca53a0d319a640ef183888e40e7105e394754cfe,ether,3.3e-06,22,2,"['2022-07-02T06:44:56Z', '2022-07-02T07:19:22Z', '2022-07-02T07:19:22Z', '2022-07-02T07:53:48Z', '2022-07-02T07:53:48Z', '2022-07-02T08:13:27Z', '2022-07-02T08:13:27Z', '2022-07-02T09:03:42Z', '2022-07-02T09:03:42Z', '2022-07-02T09:09:18Z', '2022-07-02T09:09:18Z', '2022-07-03T06:09:57Z', '2022-07-03T06:09:57Z', '2022-07-03T06:40:51Z', '2022-07-03T07:35:57Z', '2022-07-03T07:36:00Z', '2022-07-03T08:41:33Z', '2022-07-03T08:41:33Z', '2022-07-03T10:55:19Z', '2022-07-03T11:14:42Z', '2022-07-04T01:06:47Z', '2022-07-04T01:08:28Z']",0,0,0,0
376,0x95ed2362a98ff2e4a28839fb237a70cdb2940ac0,ether,3.3e-06,22,2,"['2022-07-02T06:44:56Z', '2022-07-02T07:19:22Z', '2022-07-02T07:19:22Z', '2022-07-02T07:53:48Z', '2022-07-02T07:53:48Z', '2022-07-02T08:13:27Z', '2022-07-02T08:13:27Z', '2022-07-02T09:03:42Z', '2022-07-02T09:03:42Z', '2022-07-02T09:09:18Z', '2022-07-02T09:09:18Z', '2022-07-03T06:09:57Z', '2022-07-03T06:09:57Z', '2022-07-03T06:41:23Z', '2022-07-03T06:41:23Z', '2022-07-03T07:36:00Z', '2022-07-03T07:58:24Z', '2022-07-03T08:41:33Z', '2022-07-03T10:55:19Z', '2022-07-03T11:14:42Z', '2022-07-04T01:06:47Z', '2022-07-04T01:08:28Z']",0,0,0,0
20,0x067bc39e67dfd5329c1e77dbc258e2be8154a893,ether,3.3e-06,22,2,"['2022-07-02T06:44:56Z', '2022-07-02T07:19:22Z', '2022-07-02T07:19:22Z', '2022-07-02T07:53:48Z', '2022-07-02T07:53:48Z', '2022-07-02T08:13:27Z', '2022-07-02T08:13:27Z', '2022-07-02T09:03:42Z', '2022-07-02T09:03:42Z', '2022-07-02T09:09:18Z', '2022-07-02T09:09:18Z', '2022-07-03T06:09:57Z', '2022-07-03T06:09:57Z', '2022-07-03T06:41:23Z', '2022-07-03T06:41:23Z', '2022-07-03T07:36:00Z', '2022-07-03T07:58:24Z', '2022-07-03T08:41:33Z', '2022-07-03T11:14:42Z', '2022-07-03T11:14:42Z', '2022-07-04T01:06:47Z', '2022-07-04T01:08:48Z']",0,0,0,0
510,0xc5d9821931eae88cff0e36ffa2d10137cb1bd3b4,ether,3.3e-06,22,2,"['2022-07-02T06:44:56Z', '2022-07-02T07:19:22Z', '2022-07-02T07:19:22Z', '2022-07-02T07:53:48Z', '2022-07-02T07:53:48Z', '2022-07-02T08:13:27Z', '2022-07-02T08:13:27Z', '2022-07-02T09:03:42Z', '2022-07-02T09:03:42Z', '2022-07-02T09:09:18Z', '2022-07-02T09:09:18Z', '2022-07-03T06:09:57Z', '2022-07-03T06:09:57Z', '2022-07-03T06:41:23Z', '2022-07-03T07:35:57Z', '2022-07-03T07:36:00Z', '2022-07-03T08:41:33Z', '2022-07-03T08:41:33Z', '2022-07-03T10:55:19Z', '2022-07-03T10:55:19Z', '2022-07-04T01:06:47Z', '2022-07-04T01:06:47Z']",0,0,0,0
400,0x9c472d691a5528da6a4c88b71935e5a90ab0d822,ether,3.3e-06,22,2,"['2022-07-02T06:44:56Z', '2022-07-02T07:19:22Z', '2022-07-02T07:19:22Z', '2022-07-02T07:53:48Z', '2022-07-02T07:53:48Z', '2022-07-02T08:13:27Z', '2022-07-02T08:13:27Z', '2022-07-02T09:03:42Z', '2022-07-02T09:03:42Z', '2022-07-02T09:09:18Z', '2022-07-02T09:09:18Z', '2022-07-03T06:09:57Z', '2022-07-03T06:09:57Z', '2022-07-03T06:41:23Z', '2022-07-03T07:35:57Z', '2022-07-03T07:36:00Z', '2022-07-03T08:41:33Z', '2022-07-03T08:41:33Z', '2022-07-03T10:55:19Z', '2022-07-03T11:14:42Z', '2022-07-04T01:06:47Z', '2022-07-04T01:06:47Z']",0,0,0,0
470,0xb7620bdfffda22ce1dd04f8739e04927b1be2bce,ether,3.3e-06,22,2,"['2022-07-02T06:44:56Z', '2022-07-02T07:19:22Z', '2022-07-02T07:19:22Z', '2022-07-02T07:53:48Z', '2022-07-02T07:53:48Z', '2022-07-02T08:13:27Z', '2022-07-02T08:53:24Z', '2022-07-02T09:03:42Z', '2022-07-02T09:03:42Z', '2022-07-02T09:09:18Z', '2022-07-02T09:09:18Z', '2022-07-03T06:09:57Z', '2022-07-03T06:09:57Z', '2022-07-03T06:40:51Z', '2022-07-03T06:40:51Z', '2022-07-03T07:36:00Z', '2022-07-03T07:58:24Z', '2022-07-03T08:41:33Z', '2022-07-03T10:55:19Z', '2022-07-03T10:55:19Z', '2022-07-04T01:06:47Z', '2022-07-04T01:08:28Z']",0,0,0,0
234,0x5f37cf959a20f81aa2435f5f56be38b639b19b7e,ether,3.3e-06,22,2,"['2022-07-02T06:44:56Z', '2022-07-02T07:19:22Z', '2022-07-02T07:19:22Z', '2022-07-02T07:53:48Z', '2022-07-02T07:53:48Z', '2022-07-02T08:13:27Z', '2022-07-02T08:53:24Z', '2022-07-02T09:03:42Z', '2022-07-02T09:03:42Z', '2022-07-02T09:09:18Z', '2022-07-02T09:09:18Z', '2022-07-03T06:09:57Z', '2022-07-03T06:09:57Z', '2022-07-03T06:40:51Z', '2022-07-03T06:41:23Z', '2022-07-03T07:36:00Z', '2022-07-03T07:58:24Z', '2022-07-03T08:41:33Z', '2022-07-03T10:55:19Z', '2022-07-03T10:55:19Z', '2022-07-04T01:08:28Z', '2022-07-04T01:08:48Z']",0,0,0,0
271,0x6ffa0791906d14be7030fcad8208e99b2bbfeeb8,ether,3.3e-06,22,2,"['2022-07-02T06:44:56Z', '2022-07-02T07:19:22Z', '2022-07-02T07:19:22Z', '2022-07-02T07:53:48Z', '2022-07-02T07:53:48Z', '2022-07-02T08:13:27Z', '2022-07-02T08:53:24Z', '2022-07-02T09:03:42Z', '2022-07-02T09:03:42Z', '2022-07-02T09:09:18Z', '2022-07-02T09:09:18Z', '2022-07-03T06:09:57Z', '2022-07-03T06:09:57Z', '2022-07-03T06:41:23Z', '2022-07-03T07:35:57Z', '2022-07-03T07:36:00Z', '2022-07-03T08:41:33Z', '2022-07-03T08:41:33Z', '2022-07-03T11:14:42Z', '2022-07-03T11:14:42Z', '2022-07-04T01:06:47Z', '2022-07-04T01:08:28Z']",0,0,0,0
439,0xacb89663fd888e776e4d2effdb8c38d8225666e4,ether,3.3e-06,22,2,"['2022-07-02T06:44:56Z', '2022-07-02T07:19:22Z', '2022-07-02T07:19:22Z', '2022-07-02T07:53:48Z', '2022-07-02T07:53:48Z', '2022-07-02T08:13:27Z', '2022-07-02T08:53:24Z', '2022-07-02T09:03:42Z', '2022-07-02T09:04:15Z', '2022-07-02T09:09:05Z', '2022-07-02T09:09:18Z', '2022-07-03T06:09:57Z', '2022-07-03T06:09:57Z', '2022-07-03T06:41:23Z', '2022-07-03T06:41:23Z', '2022-07-03T07:36:00Z', '2022-07-03T07:58:24Z', '2022-07-03T08:41:33Z', '2022-07-03T10:55:19Z', '2022-07-03T10:55:19Z', '2022-07-04T01:06:47Z', '2022-07-04T01:08:28Z']",0,0,0,0
304,0x7c4f0ec6015ee8a6d6a34b6fdfa9e1adfac901cf,ether,3.3e-06,22,2,"['2022-07-02T06:44:56Z', '2022-07-02T07:19:22Z', '2022-07-02T07:19:22Z', '2022-07-02T07:53:48Z', '2022-07-02T07:54:29Z', '2022-07-02T08:13:27Z', '2022-07-02T08:13:27Z', '2022-07-02T09:03:42Z', '2022-07-02T09:03:42Z', '2022-07-02T09:09:05Z', '2022-07-02T09:09:18Z', '2022-07-03T06:09:57Z', '2022-07-03T06:09:57Z', '2022-07-03T06:41:23Z', '2022-07-03T06:41:23Z', '2022-07-03T07:36:00Z', '2022-07-03T07:58:24Z', '2022-07-03T08:41:33Z', '2022-07-03T10:55:19Z', '2022-07-03T11:14:42Z', '2022-07-04T01:06:47Z', '2022-07-04T01:06:47Z']",0,0,0,0
380,0x972bdb0666375a30ba5243c6dec95cc28d4f679e,ether,3.3e-06,22,2,"['2022-07-02T06:44:56Z', '2022-07-02T07:19:22Z', '2022-07-02T07:19:22Z', '2022-07-02T07:53:48Z', '2022-07-02T07:54:29Z', '2022-07-02T08:13:27Z', '2022-07-02T08:53:24Z', '2022-07-02T09:03:42Z', '2022-07-02T09:03:42Z', '2022-07-02T09:09:18Z', '2022-07-02T09:09:18Z', '2022-07-03T06:09:57Z', '2022-07-03T06:09:57Z', '2022-07-03T06:41:23Z', '2022-07-03T06:41:23Z', '2022-07-03T07:36:00Z', '2022-07-03T07:58:24Z', '2022-07-03T08:41:33Z', '2022-07-03T10:55:19Z', '2022-07-03T11:14:42Z', '2022-07-04T01:06:47Z', '2022-07-04T01:08:28Z']",0,0,0,0
406,0xa0509432891a0b5a668102e07c8652da41346d63,ether,3.3e-06,22,2,"['2022-07-02T06:44:59Z', '2022-07-02T07:19:22Z', '2022-07-02T07:19:22Z', '2022-07-02T07:53:48Z', '2022-07-02T07:54:29Z', '2022-07-02T08:13:27Z', '2022-07-02T08:13:27Z', '2022-07-02T09:03:42Z', '2022-07-02T09:04:15Z', '2022-07-02T09:09:18Z', '2022-07-02T09:09:18Z', '2022-07-03T06:09:57Z', '2022-07-03T06:09:57Z', '2022-07-03T06:41:23Z', '2022-07-03T07:35:57Z', '2022-07-03T07:36:00Z', '2022-07-03T08:41:33Z', '2022-07-03T08:41:33Z', '2022-07-03T11:14:42Z', '2022-07-03T11:14:42Z', '2022-07-04T01:06:47Z', '2022-07-04T01:06:47Z']",0,0,0,0
255,0x684a96caa883e2d0a85838ad46ef0286faca5ac7,ether,3.3e-06,22,2,"['2022-07-02T06:44:59Z', '2022-07-02T07:19:22Z', '2022-07-02T07:19:22Z', '2022-07-02T07:53:48Z', '2022-07-02T07:54:29Z', '2022-07-02T08:13:27Z', '2022-07-02T08:13:27Z', '2022-07-02T09:04:15Z', '2022-07-02T09:04:15Z', '2022-07-02T09:09:18Z', '2022-07-02T09:09:18Z', '2022-07-03T06:09:57Z', '2022-07-03T06:09:57Z', '2022-07-03T06:41:23Z', '2022-07-03T07:35:57Z', '2022-07-03T07:36:00Z', '2022-07-03T08:41:33Z', '2022-07-03T08:41:33Z', '2022-07-03T11:14:42Z', '2022-07-03T11:14:42Z', '2022-07-04T01:06:47Z', '2022-07-04T01:06:47Z']",0,0,0,0
518,0xc8c74af6c92ae9eac384450c4791f08067c216ac,ether,3.3e-06,22,2,"['2022-07-02T06:44:59Z', '2022-07-02T07:19:22Z', '2022-07-02T07:19:22Z', '2022-07-02T07:53:48Z', '2022-07-02T07:54:29Z', '2022-07-02T08:13:27Z', '2022-07-02T08:53:24Z', '2022-07-02T09:03:42Z', '2022-07-02T09:04:15Z', '2022-07-02T09:09:18Z', '2022-07-02T09:09:18Z', '2022-07-03T06:09:57Z', '2022-07-03T06:09:57Z', '2022-07-03T06:40:51Z', '2022-07-03T06:41:23Z', '2022-07-03T07:36:00Z', '2022-07-03T07:58:24Z', '2022-07-03T08:41:33Z', '2022-07-03T11:14:42Z', '2022-07-03T11:14:42Z', '2022-07-04T01:06:47Z', '2022-07-04T01:08:28Z']",0,0,0,0
473,0xb7ff844a8fbc05747272ac832e6e750ad95ed553,ether,3.3e-06,22,2,"['2022-07-02T06:44:59Z', '2022-07-02T07:19:22Z', '2022-07-02T07:19:22Z', '2022-07-02T07:53:48Z', '2022-07-02T07:54:29Z', '2022-07-02T08:13:27Z', '2022-07-02T08:53:24Z', '2022-07-02T09:03:42Z', '2022-07-02T09:04:15Z', '2022-07-02T09:09:18Z', '2022-07-02T09:09:18Z', '2022-07-03T06:09:57Z', '2022-07-03T06:09:57Z', '2022-07-03T06:41:23Z', '2022-07-03T07:35:57Z', '2022-07-03T07:36:00Z', '2022-07-03T08:41:33Z', '2022-07-03T08:41:33Z', '2022-07-03T11:14:42Z', '2022-07-03T11:14:42Z', '2022-07-04T01:06:47Z', '2022-07-04T01:08:48Z']",0,0,0,0
